{
	"name": "simplemobile",
	"title": "Simple-Mobile",
	"description": "Adds mobile support",
	"version": "0.2.2",
	"author": "Handyfon#8390",
	"esmodules": ["mobile.js"],
	"styles": ["mobile.css"],
	 "socket": true,
    "url": "https://github.com/Handyfon/simplemobile/tree/master",
    "manifest": "https://raw.githubusercontent.com/Handyfon/simplemobile/master/module.json",
    "download": "https://github.com/Handyfon/simplemobile/raw/master/simplemobile.zip",
	"minimumCoreVersion": "0.7.9",
	"compatibleCoreVersion": "0.7.9"
}